Abimbola,Munoz
Abimbola,Buchanan
Al-Dubai,Ould-Khaoua
Al-Dubai,El-Zayyat
Al-Dubai,Ababneh
Al-Dubai,Ferguson
Al-Dubai,Mackenzie
Al-Dubai,Obaidat
Al-Dubai,Romdhani
Brown,Buchanan
Buchanan,Brown
Buchanan,Cordiner
Buchanan,Graves
Buchanan,Saliou
Buchanan,Migas
Buchanan,Gupta
Buchanan,Arnold
Buchanan,McArtney
Buchanan,Munoz
Buchanan,Raja
Buchanan,Scott
Buchanan,Thuemler
Buchanan,Wilson
Gelvin,Munoz
Gerst,Lawson
Gerst,MacCallum
Gerst,Dickhaus
Graves,Buchanan
Graves,Saliou
Graves,Old
Hanciles,Munoz
Hanciles,Shankararaman
Howie,Munoz
James,Munoz
Kwecka,Buchanan
Kwecka,Saliou
Lewis,Mannion
Lewis,Buchanan
Migas,Buchanan
Migas,McArtney
Munoz,Gelvin
Munoz,Rankin
Pearson,Buchanan
Pikoulas,Buchanan
Pikoulas,Mannion
Priss,Old
Raja,Buchanan
Raja,Munoz
Romdhani,Al-Dubai
Romdhani,Bettahar
Romdhani,Bouabdallah
Romdhani,Munoz
Russell,Cumming
Saliou,Buchanan
Saliou,Graves
Saliou,Munoz
Scott,Buchanan
Shankararaman,Munoz
Shankararaman,Banks
Thuemler,Buchanan
Thuemler,Lawson
Yassein,Khalaf
Yassein,Al-Dubai
Yeh,Halaka
Yeh,Munoz
Zhao,Al-Dubai
Zhao,Liu
