CSN,SOC
INF,SOC
SET,SOC
IMD,SOC
CSN07101,CSN
CSN07102,CSN
CSN08101,CSN
CSN08102,CSN
CSN08103,CSN
CSN08104,CSN
CSN09102,CSN
CSN09103,CSN
CSN09104,CSN
CSN09105,CSN
IMD08102,IMD
IMD08103,IMD
IMD08104,IMD
IMD08105,IMD
IMD09102,IMD
IMD09103,IMD
IMD09104,IMD
IMD09105,IMD
INF07101,INF
INF08101,INF
INF09101,INF
INF09102,INF
SET07101,SET
SET07102,SET
SET08101,SET
SET08102,SET
SET08102,SET
SET08103,SET
SET08104,SET
SET08105,SET
SET08108,SET
SET08112,SET
SET08113,SET
SET09101,SET
SET09102,SET
SET09103,SET
SET09104,SET
SET09105,SET
SET09107,SET
SET09109,SET
